{
  "experiment_name": "dqn_parking_1748939242",
  "total_episodes": 10,
  "total_training_steps": 1901,
  "training_time_hours": 0.003573888142903646,
  "overall_stats": {
    "avg_reward": -21.21393506312495,
    "std_reward": 28.62118386464555,
    "max_reward": 41.108045953680374,
    "min_reward": -60.615164162170075,
    "success_rate": 0.0,
    "collision_rate": 0.0,
    "avg_steps": 200.0
  },
  "recent_stats": {
    "avg_reward": -21.21393506312495,
    "success_rate": 0.0,
    "collision_rate": 0.0
  },
  "best_performance": {
    "best_avg_reward": -21.21393506312495,
    "best_episode": 10,
    "best_success_rate": 0.0
  }
}