{
  "experiment_name": "gpu_test_1748943863",
  "total_episodes": 25,
  "total_training_steps": 1192,
  "training_time_hours": 0.021334721512264676,
  "overall_stats": {
    "avg_reward": 3.081164326110229,
    "std_reward": 21.395326016403544,
    "max_reward": 27.541079380658097,
    "min_reward": -97.77397855838201,
    "success_rate": 0.0,
    "collision_rate": 0.04,
    "avg_steps": 49.64
  },
  "recent_stats": {
    "avg_reward": 3.081164326110229,
    "success_rate": 0.0,
    "collision_rate": 0.04
  },
  "best_performance": {
    "best_avg_reward": 12.401096409713432,
    "best_episode": 1,
    "best_success_rate": 0.0
  }
}