{
  "experiment_name": "dqn_parking_1748939621",
  "total_episodes": 330,
  "total_training_steps": 49081,
  "training_time_hours": 0.10563218156496684,
  "overall_stats": {
    "avg_reward": -41.6328787139786,
    "std_reward": 74.53526006329105,
    "max_reward": 256.87386289215846,
    "min_reward": -200.50438634959755,
    "success_rate": 0.0030303030303030303,
    "collision_rate": 0.42424242424242425,
    "avg_steps": 148.6090909090909
  },
  "recent_stats": {
    "avg_reward": -47.65190144805915,
    "success_rate": 0.0,
    "collision_rate": 0.39
  },
  "best_performance": {
    "best_avg_reward": -14.024587282712663,
    "best_episode": 1,
    "best_success_rate": 0.016666666666666666
  }
}